סוג,מזהה,פריט,תווית,מקור,קישור,הערה
תחנה,zoning-check,"בדיקת התב""ע",לפי מקור,גלובס — ביטול ההקלות (תיקון 134),https://www.globes.co.il/news/article.aspx?did=1001496352,
תחנה,info-file,תיק מידע להיתר,לפי מקור,עיריית אשדוד — איך מגישים בקשה לתיק מידע להיתר,https://www.ashdod.muni.il/he-il/%D7%90%D7%AA%D7%A8-%D7%94%D7%A2%D7%99%D7%A8/%D7%94%D7%A0%D7%93%D7%A1%D7%94/%D7%9E%D7%99%D7%93%D7%A2-%D7%9C%D7%94%D7%99%D7%AA%D7%A8/%D7%90%D7%99%D7%9A-%D7%9E%D7%92%D7%99%D7%A9%D7%99%D7%9D-%D7%91%D7%A7%D7%A9%D7%94-%D7%9C%D7%AA%D7%99%D7%A7-%D7%9E%D7%99%D7%93%D7%A2-%D7%9C%D7%94%D7%99%D7%AA%D7%A8/,מקורות אחרים מציינים 30 ימי עבודה
תחנה,architect,עורך הבקשה,לפי מקור,"מרכז הנדל""ן — היתרי בנייה, המדריך השלם",https://www.nadlancenter.co.il/article/5556,
תחנה,survey-tabu,מדידה ונסח טאבו,לפי מקור,עיריית אשדוד — שלבי הגשת בקשה להיתר,https://ashdod.muni.il/he-il/%D7%90%D7%AA%D7%A8-%D7%94%D7%A2%D7%99%D7%A8/%D7%94%D7%A0%D7%93%D7%A1%D7%94/%D7%A8%D7%99%D7%A9%D7%95%D7%99-%D7%91%D7%A0%D7%99%D7%99%D7%94/%D7%A9%D7%9C%D7%91%D7%99-%D7%94%D7%92%D7%A9%D7%AA-%D7%91%D7%A7%D7%A9%D7%94-%D7%9C%D7%94%D7%99%D7%AA%D7%A8/,
תחנה,design-plan,תוכנית עיצוב ובינוי,לפי מקור,עיריית אשדוד — תהליך תכנון לאישור תוכנית עיצוב ובינוי,https://www.ashdod.muni.il/he-il/%D7%90%D7%AA%D7%A8-%D7%94%D7%A2%D7%99%D7%A8/%D7%94%D7%A0%D7%93%D7%A1%D7%94/%D7%94%D7%A0%D7%97%D7%99%D7%95%D7%AA-%D7%9E%D7%A8%D7%97%D7%91%D7%99%D7%95%D7%AA-%D7%9E%D7%93%D7%99%D7%A0%D7%99%D7%95%D7%AA-%D7%A2%D7%99%D7%A8%D7%95%D7%A0%D7%99%D7%AA-%D7%95%D7%9E%D7%A1%D7%9E%D7%9B%D7%99-%D7%A2%D7%96%D7%A8/%D7%9E%D7%93%D7%99%D7%A0%D7%99%D7%95%D7%AA-%D7%95%D7%9E%D7%A1%D7%9E%D7%9B%D7%99-%D7%A2%D7%96%D7%A8/%D7%AA%D7%95%D7%9B%D7%A0%D7%99%D7%AA-%D7%A2%D7%99%D7%A6%D7%95%D7%91-%D7%95%D7%91%D7%99%D7%A0%D7%95%D7%99/,
תחנה,flex-check,בדיקת גמישות,לפי מקור,"ארנון, תדמור-לוי — רפורמת ביטול ההקלות",https://arnontl.com/he/news/%D7%A8%D7%A4%D7%95%D7%A8%D7%9E%D7%AA-%D7%91%D7%99%D7%98%D7%95%D7%9C-%D7%94%D7%94%D7%A7%D7%9C%D7%95%D7%AA/,
תחנה,relief-list,הרשימה הסגורה,לפי מקור,"מינהל התכנון — ביטול הקלות, תקנות סטייה מתוכנית",https://www.gov.il/BlobFolder/guide/deviation_plan/he/canceling_easements_change.pdf,
תחנה,relief-160,תיקון 160,לפי מקור,"Lexology — מעו""דכן תכנון ובנייה, אפריל 2025",https://www.lexology.com/library/detail.aspx?g=9c9460a7-4951-4045-887b-bf87d6db3187,
תחנה,murshe-appoint,מינוי מורשה להיתר,לפי מקור,מודיעין — אתר הנדסה: מורשה להיתר,https://modiin.complot.co.il/meidatihnuni/murshe_heiter/,
תחנה,submission,הגשה ברישוי זמין,לפי מקור,עיריית אשדוד — שלבי הגשת בקשה להיתר,https://ashdod.muni.il/he-il/%D7%90%D7%AA%D7%A8-%D7%94%D7%A2%D7%99%D7%A8/%D7%94%D7%A0%D7%93%D7%A1%D7%94/%D7%A8%D7%99%D7%A9%D7%95%D7%99-%D7%91%D7%A0%D7%99%D7%99%D7%94/%D7%A9%D7%9C%D7%91%D7%99-%D7%94%D7%92%D7%A9%D7%AA-%D7%91%D7%A7%D7%A9%D7%94-%D7%9C%D7%94%D7%99%D7%AA%D7%A8/,
תחנה,publication,פרסום והתנגדויות,לפי מקור,"ארנון, תדמור-לוי — רפורמת ביטול ההקלות",https://arnontl.com/he/news/%D7%A8%D7%A4%D7%95%D7%A8%D7%9E%D7%AA-%D7%91%D7%99%D7%98%D7%95%D7%9C-%D7%94%D7%94%D7%A7%D7%9C%D7%95%D7%AA/,
תחנה,agency-roads,שולחן תכנון כבישים,לפי מקור,"הנחיות מרחביות לעיר אשדוד, מהדורה 18 (12/2024)",,סעיף 2.2.4
תחנה,agency-trees,שולחן נטיעות ונוף,לפי מקור,עיריית אשדוד — אוגדן הנחיות רישוי (גרסת 2019),https://www.ashdod.muni.il/media/16499993/%D7%90%D7%95%D7%92%D7%93%D7%9F-%D7%94%D7%A0%D7%97%D7%99%D7%95%D7%AA-%D7%9E%D7%99%D7%93%D7%A2-%D7%9C%D7%94%D7%99%D7%AA%D7%A8-%D7%9E%D7%95%D7%A0%D7%92%D7%A9-14-04-19.pdf,
תחנה,agency-properties,שולחן נכסים,לפי מקור,עיריית אשדוד — אוגדן הנחיות רישוי (גרסת 2019),https://www.ashdod.muni.il/media/16499993/%D7%90%D7%95%D7%92%D7%93%D7%9F-%D7%94%D7%A0%D7%97%D7%99%D7%95%D7%AA-%D7%9E%D7%99%D7%93%D7%A2-%D7%9C%D7%94%D7%99%D7%AA%D7%A8-%D7%9E%D7%95%D7%A0%D7%92%D7%A9-14-04-19.pdf,
תחנה,agency-drainage,שולחן ניקוז,לפי מקור,"הנחיות מרחביות לעיר אשדוד, מהדורה 18 (12/2024)",,"סעיף 2.2.3, 2.3.7"
תחנה,agency-water,שולחן תאגיד המים,לפי מקור,עיריית אשדוד — תהליך אישור תוכנית עיצוב ובינוי,https://www.ashdod.muni.il/he-il/%D7%90%D7%AA%D7%A8-%D7%94%D7%A2%D7%99%D7%A8/%D7%94%D7%A0%D7%93%D7%A1%D7%94/%D7%94%D7%A0%D7%97%D7%99%D7%95%D7%AA-%D7%9E%D7%A8%D7%97%D7%91%D7%99%D7%95%D7%AA-%D7%9E%D7%93%D7%99%D7%A0%D7%99%D7%95%D7%AA-%D7%A2%D7%99%D7%A8%D7%95%D7%A0%D7%99%D7%AA-%D7%95%D7%9E%D7%A1%D7%9E%D7%9B%D7%99-%D7%A2%D7%96%D7%A8/%D7%9E%D7%93%D7%99%D7%A0%D7%99%D7%95%D7%AA-%D7%95%D7%9E%D7%A1%D7%9E%D7%9B%D7%99-%D7%A2%D7%96%D7%A8/%D7%AA%D7%95%D7%9B%D7%A0%D7%99%D7%AA-%D7%A2%D7%99%D7%A6%D7%95%D7%91-%D7%95%D7%91%D7%99%D7%A0%D7%95%D7%99/,דרישות התאגיד לשילוב מתיק המידע
תחנה,committee,החלטת הוועדה,לפי מקור,עיריית אשדוד — שלבי הגשת בקשה להיתר,https://ashdod.muni.il/he-il/%D7%90%D7%AA%D7%A8-%D7%94%D7%A2%D7%99%D7%A8/%D7%94%D7%A0%D7%93%D7%A1%D7%94/%D7%A8%D7%99%D7%A9%D7%95%D7%99-%D7%91%D7%A0%D7%99%D7%99%D7%94/%D7%A9%D7%9C%D7%91%D7%99-%D7%94%D7%92%D7%A9%D7%AA-%D7%91%D7%A7%D7%A9%D7%94-%D7%9C%D7%94%D7%99%D7%AA%D7%A8/,
תחנה,design-control,בקרת תכן,לפי מקור,עיריית אשדוד — שלבי הגשה; שדות דן — בקרת תכן,https://sdan.complot.co.il/licensing/applyingstages/,
תחנה,fees,אגרות והיטלים,לפי מקור,עיריית אשדוד — אגרות והיטלים,https://ashdod.muni.il/he-il/אתר-העיר/הנדסה/אגרות-והיטלים/,
תחנה,permit,היתר,לפי מקור,עיריית אשדוד — פיקוח בנייה,https://www.ashdod.muni.il/he-il/%D7%90%D7%AA%D7%A8-%D7%94%D7%A2%D7%99%D7%A8/%D7%94%D7%A0%D7%93%D7%A1%D7%94/%D7%A4%D7%99%D7%A7%D7%95%D7%97-%D7%91%D7%A0%D7%99%D7%99%D7%94/,
תחנה,design-fence,גדר לרחוב,לפי מקור,"הנחיות מרחביות לעיר אשדוד, מהדורה 18 (12/2024)",,"סעיף 1.2.1, 1.2.2, 1.2.4"
תחנה,design-materials-house,חומרי גמר לבית,לפי מקור,"הנחיות מרחביות לעיר אשדוד, מהדורה 18 (12/2024)",,"סעיף 1.3, 1.4.5"
תחנה,design-extension,תוכנית צל,לפי מקור,"הנחיות מרחביות לעיר אשדוד, מהדורה 18 (12/2024)",,סעיף 2.11.1–2.11.4
תחנה,design-facade,חזית וקומת קרקע,לפי מקור,"הנחיות מרחביות לעיר אשדוד, מהדורה 18 (12/2024)",,"סעיף 2.3.4, 2.3.5, 2.4.1, 2.5.1"
תחנה,design-shading,הצללת מרחב הפיתוח,לפי מקור,"הנחיות מרחביות לעיר אשדוד, מהדורה 18 (12/2024)",,סעיף 2.2.2
תחנה,design-common,גינה משותפת,לפי מקור,"הנחיות מרחביות לעיר אשדוד, מהדורה 18 (12/2024)",,סעיף 2.2.1 (10)–(11)
תחנה,agency-waste,שולחן תברואה,לפי מקור,"הנחיות מרחביות לעיר אשדוד, מהדורה 18 (12/2024)",,"סעיף 2.2.1 (15), 2.2.4 (6)–(7)"
תחנה,mamad-exempt,"ממ""ד: צריך היתר?",חוק משחק,"הנחיות מרחביות לעיר אשדוד, מהדורה 18 (12/2024)",,סעיף 8.1–8.6. הוראת השעה נקבעה ב-26.10.2023 לשנה
תחנה,mamad-lobby,"מבואה לממ""ד",לפי מקור,"הנחיות מרחביות לעיר אשדוד, מהדורה 18 (12/2024)",,סעיף 8.4
תחנה,mamad-163,תיקון 163,לפי מקור,"מינהל התכנון — שאלות ותשובות, תיקון 163",https://www.gov.il/BlobFolder/guide/adding_protected_space/he/law_amendment_163_ans_que.pdf,חל על תוכניות שהופקדו עד 22.07.2025
דרך,conforming,תואם תוכנית,לפי מקור,"גלובס — ההליכים שיתקצרו, ההקלות שיבוטלו",https://www.globes.co.il/news/article.aspx?did=1001496352,
דרך,flexibility,סטייה קלה (גמישות),לפי מקור,"ארנון, תדמור-לוי — רפורמת ביטול ההקלות (תיקון 134)",https://arnontl.com/he/news/%D7%A8%D7%A4%D7%95%D7%A8%D7%9E%D7%AA-%D7%91%D7%99%D7%98%D7%95%D7%9C-%D7%94%D7%94%D7%A7%D7%9C%D7%95%D7%AA/,
דרך,relief,הקלה מהרשימה הסגורה,לפי מקור,"מועצה אזורית חבל מודיעין — ביטול הקלות, תיקון 134",https://www.modiin-region.muni.il/%D7%91%D7%99%D7%98%D7%95%D7%9C-%D7%94%D7%A7%D7%9C%D7%95%D7%AA-%D7%AA%D7%99%D7%A7%D7%95%D7%9F-134-%D7%9C%D7%97%D7%95%D7%A7-%D7%94%D7%AA%D7%9B%D7%A0%D7%95%D7%9F-%D7%95%D7%94%D7%91%D7%A0%D7%99%D7%94-%D7%94%D7%95%D7%93%D7%A2%D7%94-%D7%97%D7%A9%D7%95%D7%91%D7%94/,
דרך,oldBuilding,בניין ותיק (8 שנים ומעלה),לפי מקור,"Lexology — מעו""דכן תכנון ובנייה, אפריל 2025 (תיקון 160)",https://www.lexology.com/library/detail.aspx?g=9c9460a7-4951-4045-887b-bf87d6db3187,
דרך,murshe,מורשה להיתר,לפי מקור,מודיעין — אתר הנדסה: מורשה להיתר (עודכן 04/2025),https://modiin.complot.co.il/meidatihnuni/murshe_heiter/,
כרטיס,ev-law,החוק התעדכן,חוק משחק,,,תרחיש משחקי שמלמד שהדין משתנה
כרטיס,ev-rain,חורף גשום,חוק משחק,,,
כרטיס,ev-complete,הגשה שלמה,חוק משחק,,,
כרטיס,ev-antiq,ממצא בחפירת ניסיון,חוק משחק,,,באשדוד יש אזורים עם ממצאים ארכיאולוגיים
כרטיס,ev-illegal,סגרתי מרפסת בלי היתר,לפי מקור,עיריית אשדוד — מדיניות אכיפת עבירות בנייה (2023),https://www.ashdod.muni.il/media/16509862/%D7%9E%D7%A1%D7%9E%D7%9A-%D7%9E%D7%93%D7%99%D7%A0%D7%99%D7%95%D7%AA-%D7%90%D7%9B%D7%99%D7%A4%D7%AA-%D7%A2%D7%91%D7%99%D7%A8%D7%95%D7%AA-%D7%91%D7%A0%D7%99%D7%99%D7%94-%D7%90%D7%A9%D7%93%D7%95%D7%93-%D7%A0%D7%95%D7%A1%D7%97-%D7%A1%D7%95%D7%A4%D7%99-01-02-23.pdf,
כרטיס,ev-objection,שכן מודאג,חוק משחק,,,
כרטיס,kn-archive,בדקתם את תיק הבניין,לפי מקור,עיריית אשדוד — איתור מידע הנדסי,https://www.ashdod.muni.il/he-il/%D7%90%D7%AA%D7%A8-%D7%94%D7%A2%D7%99%D7%A8/%D7%94%D7%A0%D7%93%D7%A1%D7%94/%D7%90%D7%99%D7%AA%D7%95%D7%A8-%D7%9E%D7%99%D7%93%D7%A2-%D7%94%D7%A0%D7%93%D7%A1%D7%99/,
כרטיס,kn-guidelines,קראתם את ההנחיות המרחביות,חוק משחק,,,
כרטיס,kn-early,פגישת תיאום מוקדמת,חוק משחק,,,
כרטיס,kn-ogdan,קראתם את האוגדן,לפי מקור,"עיריית אשדוד — אוגדן הנחיות, גרסת 29-09-2025",https://www.ashdod.muni.il/media/16515813/%D7%90%D7%95%D7%92%D7%93%D7%9F-%D7%94%D7%A0%D7%97%D7%99%D7%95%D7%AA-%D7%9E%D7%99%D7%93%D7%A2-%D7%9C%D7%94%D7%99%D7%AA%D7%A8-%D7%9E%D7%95%D7%AA%D7%90%D7%9D-%D7%9C%D7%A0%D7%95%D7%94%D7%9C-29-09-2025-pdfua.pdf,
כרטיס,nb-shade,הצללה לרחוב,חוק משחק,,,
כרטיס,nb-paving,ריצוף קריר,לפי מקור,תכנית 603-0236315 לב אשדוד,https://apps.land.gov.il/IturTabotData/takanonim/jerus/1052407.pdf,
כרטיס,nb-frontage,חזית פעילה,לפי מקור,עיריית אשדוד — אגף תכנון ובינוי עיר,https://www.ashdod.muni.il/he-il/%D7%90%D7%AA%D7%A8-%D7%94%D7%A2%D7%99%D7%A8/%D7%94%D7%A0%D7%93%D7%A1%D7%94/%D7%90%D7%92%D7%A4%D7%99%D7%9D-%D7%95%D7%9E%D7%97%D7%9C%D7%A7%D7%95%D7%AA-%D7%91%D7%9E%D7%99%D7%A0%D7%94%D7%9C-%D7%94%D7%A0%D7%93%D7%A1%D7%94/%D7%AA%D7%9B%D7%A0%D7%95%D7%9F-%D7%95%D7%91%D7%99%D7%A0%D7%95%D7%99-%D7%A2%D7%99%D7%A8/,
כרטיס,nb-sign,שלט אחד בחזית,לפי מקור,עיריית אשדוד — מדיניות להצבת שילוט (2024),https://www.ashdod.muni.il/media/16515178/%D7%A0%D7%95%D7%94%D7%9C-%D7%A9%D7%99%D7%9C%D7%95%D7%98-%D7%95%D7%94%D7%A0%D7%97%D7%99%D7%95%D7%AA-%D7%A2%D7%99%D7%A6%D7%95%D7%91%D7%99%D7%95%D7%AA-%D7%9C%D7%A1%D7%95%D7%92%D7%99-%D7%94%D7%A9%D7%99%D7%9C%D7%95%D7%98-pdfua.pdf,
כרטיס,nb-share,שיתפתם את השכנים,חוק משחק,,,
כרטיס,nb-bench,ספסל בגבול המגרש,חוק משחק,,,
כרטיס,rs-report,חובת דיווח,לפי מקור,מודיעין — מורשה להיתר,https://modiin.complot.co.il/meidatihnuni/murshe_heiter/,
כרטיס,rs-owner,חתימה חסרה,לפי מקור,מודיעין — מורשה להיתר,https://modiin.complot.co.il/meidatihnuni/murshe_heiter/,
כרטיס,rs-ok,הכול תקין,חוק משחק,,,
כרטיס,rs-ok2,ביטוח ואחריות,לפי מקור,מוזס אדריכלות — אדריכל מורשה להיתר,,
כרטיס,ca-entrance,הכניסה לא מודגשת,לפי מקור,נספח א' — דגשים לעקרונות תכנון אדריכלי עירוני (07/2024),,
כרטיס,ca-backyard,"""חצר אחורית"" בחזית",לפי מקור,נספח א' — דגשים לעקרונות תכנון אדריכלי עירוני (07/2024),,
כרטיס,ca-walk,רצף להולכי רגל,לפי מקור,נספח א' — דגשים לעקרונות תכנון אדריכלי עירוני (07/2024),,
כרטיס,ca-wind,"שמש, רוח ושיפועים",לפי מקור,נספח א' — דגשים לעקרונות תכנון אדריכלי עירוני (07/2024),,
כרטיס,ca-mix,תמהיל דירות,לפי מקור,נספח ב' — הנחיות מקור (07/2024),,
כרטיס,ca-trees,רשת העצים,לפי מקור,נספח ב' — הנחיות מקור (07/2024),,
כרטיס,ca-parking,חניה מתחת לאדמה,לפי מקור,נספח ב' — הנחיות מקור (07/2024),,
מגרש,p-room,חדר נוסף בבית צמוד קרקע,חוק משחק,,,
מגרש,p-balcony,סגירת מרפסת בבניין משותף,חוק משחק,,,
מגרש,p-newhouse,בית פרטי על מגרש ריק,חוק משחק,,,
מגרש,p-rebuild,הריסה ובנייה של בית ישן,חוק משחק,,,
מגרש,p-tower,בניין מגורים בשכונה חדשה,חוק משחק,,,
מגרש,p-heritage,מבנה לשימור עם תוספת,חוק משחק,,,
מגרש,p-mamad-house,"ממ""ד בבית צמוד קרקע",חוק משחק,,,
מגרש,p-mamad-apt,"ממ""ד בדירה בבניין משותף",חוק משחק,,,
צריך היתר?,ex-pergola-yard,"מצללה (פרגולה) של 30 מ""ר בחצר של בית צמוד קרקע, מחומרים קלים, עם 40% מרווחים",לפי מקור,"הנחיות מרחביות לעיר אשדוד, מהדורה 18 (12/2024)",,"סעיף 3.2.3, 3.2.8"
צריך היתר?,ex-pergola-roof,"מצללה של 70 מ""ר על מרפסת גג ששטחה הפנוי 120 מ""ר",לפי מקור,"הנחיות מרחביות לעיר אשדוד, מהדורה 18 (12/2024)",,סעיף 3.2.3
צריך היתר?,ex-fence-side,"גדר בגובה 1.4 מ' בגבול צדדי בין שני בתים, לא בחזית לרחוב, עם חיפוי משני הצדדים",לפי מקור,"הנחיות מרחביות לעיר אשדוד, מהדורה 18 (12/2024)",,"סעיף 2.1.1, 2.1.3, 2.1.5"
צריך היתר?,ex-fence-street,"אותה גדר, אבל בחזית הבית הפונה לרחוב",לפי מקור,"הנחיות מרחביות לעיר אשדוד, מהדורה 18 (12/2024)",,סעיף 2.1.3
צריך היתר?,ex-ac-hidden,מזגן ביתי שמותקן במסתור הכביסה שנקבע בהיתר,לפי מקור,"הנחיות מרחביות לעיר אשדוד, מהדורה 18 (12/2024)",,סעיף 4.7.1–4.7.3
צריך היתר?,ex-ac-facade,"מעבה מזגן על קיר החזית הראשית, הפונה לרחוב",לפי מקור,"הנחיות מרחביות לעיר אשדוד, מהדורה 18 (12/2024)",,סעיף 4.7.4
צריך היתר?,ex-shed,"מחסן מתועש של 5 מ""ר וגובה 2 מ', בחצר הצמודה לבית, צמוד לבית ו-1.5 מ' מגבול המגרש",לפי מקור,"הנחיות מרחביות לעיר אשדוד, מהדורה 18 (12/2024)",,סעיף 7.1
צריך היתר?,ex-shed-common,מחסן בחצר המשותפת של בניין מגורים,לפי מקור,"הנחיות מרחביות לעיר אשדוד, מהדורה 18 (12/2024)",,סעיף 7.1.4
צריך היתר?,ex-bars,"סורגים בחלונות הדירה, כשבאחד החלונות יש סורג מילוט",לפי מקור,"הנחיות מרחביות לעיר אשדוד, מהדורה 18 (12/2024)",,סעיף 4.5
צריך היתר?,ex-sign,"שלט של 1 מ""ר לעסק בקומת הקרקע, לפי מדיניות השילוט",לפי מקור,"הנחיות מרחביות לעיר אשדוד, מהדורה 18 (12/2024)",,סעיף 4.2
צריך היתר?,ex-heritage,פרגולה קטנה בחצר של בניין לשימור,לפי מקור,"הנחיות מרחביות לעיר אשדוד, מהדורה 18 (12/2024)",,סעיף 1.8
צריך היתר?,ex-coast,מחסן קטן בחצר של בית במרחק 200 מ' מקו החוף,לפי מקור,"הנחיות מרחביות לעיר אשדוד, מהדורה 18 (12/2024)",,סעיף 1.7
צריך היתר?,ex-mamad,"ממ""ד של 9 מ""ר נטו בבית צמוד קרקע שאין בו ממ""ד",חוק משחק,"הנחיות מרחביות לעיר אשדוד, מהדורה 18 (12/2024)",,סעיף 8. הוראת השעה נקבעה ב-26.10.2023 לשנה
צריך היתר?,ex-ramp,"כבש נגישות בשיפוע 6% לגשר על מדרגה של 60 ס""מ, בתוך המגרש",לפי מקור,"הנחיות מרחביות לעיר אשדוד, מהדורה 18 (12/2024)",,סעיף 11.2
מונח,,"תב""ע",לפי מקור,,https://www.nadlancenter.co.il/article/5556,
מונח,,תיק מידע להיתר,לפי מקור,,https://www.ashdod.muni.il/he-il/%D7%90%D7%AA%D7%A8-%D7%94%D7%A2%D7%99%D7%A8/%D7%94%D7%A0%D7%93%D7%A1%D7%94/%D7%9E%D7%99%D7%93%D7%A2-%D7%9C%D7%94%D7%99%D7%AA%D7%A8/%D7%90%D7%99%D7%9A-%D7%9E%D7%92%D7%99%D7%A9%D7%99%D7%9D-%D7%91%D7%A7%D7%A9%D7%94-%D7%9C%D7%AA%D7%99%D7%A7-%D7%9E%D7%99%D7%93%D7%A2-%D7%9C%D7%94%D7%99%D7%AA%D7%A8/,
מונח,,רישוי זמין,לפי מקור,,https://www.nadlancenter.co.il/article/5556,
מונח,,עורך בקשה,לפי מקור,,https://www.nadlancenter.co.il/article/5556,
מונח,,הקלה,לפי מקור,,https://www.globes.co.il/news/article.aspx?did=1001496352,
מונח,,גמישות (סטייה מתוכנית),לפי מקור,,https://arnontl.com/he/news/%D7%A8%D7%A4%D7%95%D7%A8%D7%9E%D7%AA-%D7%91%D7%99%D7%98%D7%95%D7%9C-%D7%94%D7%94%D7%A7%D7%9C%D7%95%D7%AA/,
מונח,,שימוש חורג,לפי מקור,,https://sdan.complot.co.il/licensing/applyingstages/,
מונח,,מורשה להיתר,לפי מקור,,https://modiin.complot.co.il/meidatihnuni/murshe_heiter/,
מונח,,מכון בקרה,לפי מקור,,https://modiin.complot.co.il/meidatihnuni/murshe_heiter/,
מונח,,בקרת תכן,לפי מקור,,https://sdan.complot.co.il/licensing/applyingstages/,
מונח,,היטלי פיתוח,לפי מקור,,https://ashdod.muni.il/he-il/אתר-העיר/הנדסה/אגרות-והיטלים/,
מונח,,תוכנית עיצוב ובינוי,לפי מקור,,https://www.ashdod.muni.il/he-il/%D7%90%D7%AA%D7%A8-%D7%94%D7%A2%D7%99%D7%A8/%D7%94%D7%A0%D7%93%D7%A1%D7%94/%D7%94%D7%A0%D7%97%D7%99%D7%95%D7%AA-%D7%9E%D7%A8%D7%97%D7%91%D7%99%D7%95%D7%AA-%D7%9E%D7%93%D7%99%D7%A0%D7%99%D7%95%D7%AA-%D7%A2%D7%99%D7%A8%D7%95%D7%A0%D7%99%D7%AA-%D7%95%D7%9E%D7%A1%D7%9E%D7%9B%D7%99-%D7%A2%D7%96%D7%A8/%D7%9E%D7%93%D7%99%D7%A0%D7%99%D7%95%D7%AA-%D7%95%D7%9E%D7%A1%D7%9E%D7%9B%D7%99-%D7%A2%D7%96%D7%A8/%D7%AA%D7%95%D7%9B%D7%A0%D7%99%D7%AA-%D7%A2%D7%99%D7%A6%D7%95%D7%91-%D7%95%D7%91%D7%99%D7%A0%D7%95%D7%99/,
מונח,,נסח טאבו,לפי מקור,,https://ashdod.muni.il/he-il/%D7%90%D7%AA%D7%A8-%D7%94%D7%A2%D7%99%D7%A8/%D7%94%D7%A0%D7%93%D7%A1%D7%94/%D7%A8%D7%99%D7%A9%D7%95%D7%99-%D7%91%D7%A0%D7%99%D7%99%D7%94/%D7%A9%D7%9C%D7%91%D7%99-%D7%94%D7%92%D7%A9%D7%AA-%D7%91%D7%A7%D7%A9%D7%94-%D7%9C%D7%94%D7%99%D7%AA%D7%A8/,
מונח,,תעודת גמר,לפי מקור,,https://www.ashdod.muni.il/he-il/%D7%90%D7%AA%D7%A8-%D7%94%D7%A2%D7%99%D7%A8/%D7%94%D7%A0%D7%93%D7%A1%D7%94/%D7%A4%D7%99%D7%A7%D7%95%D7%97-%D7%91%D7%A0%D7%99%D7%99%D7%94/,
מונח,,הנחיות מרחביות,לפי מקור,"הנחיות מרחביות לעיר אשדוד, מהדורה 18 (12/2024)",,סעיף 2.1
מונח,,עבודה פטורה מהיתר,לפי מקור,"הנחיות מרחביות לעיר אשדוד, מהדורה 18 (12/2024)",,סעיף פרק א' 1
מונח,,תוכנית צל,לפי מקור,"הנחיות מרחביות לעיר אשדוד, מהדורה 18 (12/2024)",,סעיף 2.11.1
מונח,,חזית פעילה,לפי מקור,"הנחיות מרחביות לעיר אשדוד, מהדורה 18 (12/2024)",,סעיף הגדרות 1
מונח,,שטח מחלחל,לפי מקור,"הנחיות מרחביות לעיר אשדוד, מהדורה 18 (12/2024)",,סעיף 2.2.3
מונח,,"ממ""ד",לפי מקור,"מינהל התכנון — שאלות ותשובות, תיקון 163",https://www.gov.il/BlobFolder/guide/adding_protected_space/he/law_amendment_163_ans_que.pdf,חל על תוכניות שהופקדו עד 22.07.2025
