סוג,מזהה,פריט,סטטוס במשחק,מקור,הערה,"אושר ע""י (רישוי)",תיקון נדרש
תחנה,zoning-check,"בדיקת התב""ע",מאומת,גלובס — ביטול ההקלות (תיקון 134),,,
תחנה,info-file,תיק מידע להיתר,ממתין לאימות,עיריית אשדוד — איך מגישים בקשה לתיק מידע להיתר,מקורות אחרים מציינים 30 ימי עבודה. לאמת מול מחלקת מידע להיתר,,
תחנה,architect,עורך הבקשה,מאומת,"מרכז הנדל""ן — היתרי בנייה, המדריך השלם",,,
תחנה,survey-tabu,מדידה ונסח טאבו,מאומת,עיריית אשדוד — שלבי הגשת בקשה להיתר,,,
תחנה,design-plan,תוכנית עיצוב ובינוי,מאומת,עיריית אשדוד — תהליך תכנון לאישור תוכנית עיצוב ובינוי,נספח א' (דגשים לתכנון אדריכלי עירוני) טרם שולב,,
תחנה,flex-check,בדיקת גמישות,מאומת,"ארנון, תדמור-לוי — רפורמת ביטול ההקלות",רשימת הנושאים לאימות מול התקנות,,
תחנה,relief-list,הרשימה הסגורה,מאומת,"מינהל התכנון — ביטול הקלות, תקנות סטייה מתוכנית",,,
תחנה,relief-160,תיקון 160,מאומת,"Lexology — מעו""דכן תכנון ובנייה, אפריל 2025",,,
תחנה,murshe-appoint,מינוי מורשה להיתר,מאומת,מודיעין — אתר הנדסה: מורשה להיתר,לאמת שההסדר זהה באשדוד,,
תחנה,submission,הגשה ברישוי זמין,מאומת,עיריית אשדוד — שלבי הגשת בקשה להיתר,,,
תחנה,publication,פרסום והתנגדויות,מאומת,"ארנון, תדמור-לוי — רפורמת ביטול ההקלות",,,
תחנה,agency-roads,שולחן תכנון כבישים,מאומת,"הנחיות מרחביות לעיר אשדוד, מהדורה 18 (12/2024)",סעיף 2.2.4. מהדורה 18 פורסמה להשגות הציבור. לוודא שאושרה,,
תחנה,agency-trees,שולחן נטיעות ונוף,ממתין לאימות,עיריית אשדוד — אוגדן הנחיות רישוי (גרסת 2019),המרחק המחייב מעצים לאימות באוגדן 29-09-2025,,
תחנה,agency-properties,שולחן נכסים,ממתין לאימות,עיריית אשדוד — אוגדן הנחיות רישוי (גרסת 2019),לעדכן לפי אוגדן 29-09-2025,,
תחנה,agency-drainage,שולחן ניקוז,מאומת,"הנחיות מרחביות לעיר אשדוד, מהדורה 18 (12/2024)","סעיף 2.2.3, 2.3.7. מהדורה 18 פורסמה להשגות הציבור. לוודא שאושרה",,
תחנה,agency-water,שולחן תאגיד המים,ממתין לאימות,עיריית אשדוד — תהליך אישור תוכנית עיצוב ובינוי,דרישות התאגיד לשילוב מתיק המידע,,
תחנה,committee,החלטת הוועדה,מאומת,עיריית אשדוד — שלבי הגשת בקשה להיתר,,,
תחנה,design-control,בקרת תכן,מאומת,עיריית אשדוד — שלבי הגשה; שדות דן — בקרת תכן,,,
תחנה,fees,אגרות והיטלים,מאומת,עיריית אשדוד — אגרות והיטלים,,,
תחנה,permit,היתר,מאומת,עיריית אשדוד — פיקוח בנייה,,,
תחנה,design-fence,גדר לרחוב,מאומת,"הנחיות מרחביות לעיר אשדוד, מהדורה 18 (12/2024)","סעיף 1.2.1, 1.2.2, 1.2.4. מהדורה 18 פורסמה להשגות הציבור. לוודא שאושרה",,
תחנה,design-materials-house,חומרי גמר לבית,מאומת,"הנחיות מרחביות לעיר אשדוד, מהדורה 18 (12/2024)","סעיף 1.3, 1.4.5. מהדורה 18 פורסמה להשגות הציבור. לוודא שאושרה",,
תחנה,design-extension,תוכנית צל,מאומת,"הנחיות מרחביות לעיר אשדוד, מהדורה 18 (12/2024)",סעיף 2.11.1–2.11.4. מהדורה 18 פורסמה להשגות הציבור. לוודא שאושרה,,
תחנה,design-facade,חזית וקומת קרקע,מאומת,"הנחיות מרחביות לעיר אשדוד, מהדורה 18 (12/2024)","סעיף 2.3.4, 2.3.5, 2.4.1, 2.5.1. מהדורה 18 פורסמה להשגות הציבור. לוודא שאושרה",,
תחנה,design-shading,הצללת מרחב הפיתוח,מאומת,"הנחיות מרחביות לעיר אשדוד, מהדורה 18 (12/2024)",סעיף 2.2.2. מהדורה 18 פורסמה להשגות הציבור. לוודא שאושרה,,
תחנה,design-common,גינה משותפת,מאומת,"הנחיות מרחביות לעיר אשדוד, מהדורה 18 (12/2024)",סעיף 2.2.1 (10)–(11). מהדורה 18 פורסמה להשגות הציבור. לוודא שאושרה,,
תחנה,agency-waste,שולחן תברואה,מאומת,"הנחיות מרחביות לעיר אשדוד, מהדורה 18 (12/2024)","סעיף 2.2.1 (15), 2.2.4 (6)–(7). מהדורה 18 פורסמה להשגות הציבור. לוודא שאושרה",,
תחנה,mamad-exempt,"ממ""ד: צריך היתר?",ממתין לאימות,"הנחיות מרחביות לעיר אשדוד, מהדורה 18 (12/2024)",סעיף 8.1–8.6. מהדורה 18 פורסמה להשגות הציבור. לוודא שאושרה. הוראת השעה נקבעה ב-26.10.2023 לשנה. לבדוק אם הוארכה ומה תוקפה היום,,
תחנה,mamad-lobby,"מבואה לממ""ד",מאומת,"הנחיות מרחביות לעיר אשדוד, מהדורה 18 (12/2024)",סעיף 8.4. מהדורה 18 פורסמה להשגות הציבור. לוודא שאושרה,,
תחנה,mamad-163,תיקון 163,מאומת,"מינהל התכנון — שאלות ותשובות, תיקון 163",חל על תוכניות שהופקדו עד 22.07.2025,,
דרך,conforming,תואם תוכנית,מאומת,"גלובס — ההליכים שיתקצרו, ההקלות שיבוטלו",,,
דרך,flexibility,סטייה קלה (גמישות),מאומת,"ארנון, תדמור-לוי — רפורמת ביטול ההקלות (תיקון 134)",רשימת הנושאים המדויקת לאימות מול התקנות,,
דרך,relief,הקלה מהרשימה הסגורה,מאומת,"מועצה אזורית חבל מודיעין — ביטול הקלות, תיקון 134",,,
דרך,oldBuilding,בניין ותיק (8 שנים ומעלה),מאומת,"Lexology — מעו""דכן תכנון ובנייה, אפריל 2025 (תיקון 160)",,,
דרך,murshe,מורשה להיתר,מאומת,מודיעין — אתר הנדסה: מורשה להיתר (עודכן 04/2025),לאמת שההסדר זהה באשדוד ולבדוק מול עמוד מינהל התכנון,,
כרטיס,ev-illegal,סגרתי מרפסת בלי היתר,מאומת,עיריית אשדוד — מדיניות אכיפת עבירות בנייה (2023),,,
כרטיס,kn-archive,בדקתם את תיק הבניין,מאומת,עיריית אשדוד — איתור מידע הנדסי,,,
כרטיס,kn-ogdan,קראתם את האוגדן,מאומת,"עיריית אשדוד — אוגדן הנחיות, גרסת 29-09-2025",,,
כרטיס,nb-paving,ריצוף קריר,מאומת,תכנית 603-0236315 לב אשדוד,,,
כרטיס,nb-frontage,חזית פעילה,מאומת,עיריית אשדוד — אגף תכנון ובינוי עיר,,,
כרטיס,nb-sign,שלט אחד בחזית,מאומת,עיריית אשדוד — מדיניות להצבת שילוט (2024),,,
כרטיס,rs-report,חובת דיווח,מאומת,מודיעין — מורשה להיתר,,,
כרטיס,rs-owner,חתימה חסרה,מאומת,מודיעין — מורשה להיתר,,,
כרטיס,rs-ok2,ביטוח ואחריות,ממתין לאימות,מוזס אדריכלות — אדריכל מורשה להיתר,דרישת הביטוח לאימות במקור ראשוני,,
כרטיס,ca-entrance,הכניסה לא מודגשת,מאומת,נספח א' — דגשים לעקרונות תכנון אדריכלי עירוני (07/2024),,,
כרטיס,ca-backyard,"""חצר אחורית"" בחזית",מאומת,נספח א' — דגשים לעקרונות תכנון אדריכלי עירוני (07/2024),,,
כרטיס,ca-walk,רצף להולכי רגל,מאומת,נספח א' — דגשים לעקרונות תכנון אדריכלי עירוני (07/2024),,,
כרטיס,ca-wind,"שמש, רוח ושיפועים",מאומת,נספח א' — דגשים לעקרונות תכנון אדריכלי עירוני (07/2024),,,
כרטיס,ca-mix,תמהיל דירות,מאומת,נספח ב' — הנחיות מקור (07/2024),תחולת ההנחיה על בקשה ספציפית לאימות מול התוכנית החלה,,
כרטיס,ca-trees,רשת העצים,מאומת,נספח ב' — הנחיות מקור (07/2024),תחולת ההנחיה על בקשה ספציפית לאימות מול התוכנית החלה,,
כרטיס,ca-parking,חניה מתחת לאדמה,מאומת,נספח ב' — הנחיות מקור (07/2024),תחולת ההנחיה על בקשה ספציפית לאימות מול התוכנית החלה,,
צריך היתר?,ex-pergola-yard,"מצללה (פרגולה) של 30 מ""ר בחצר של בית צמוד קרקע, מחומרים קלים, עם 40% מרווחים",מאומת,"הנחיות מרחביות לעיר אשדוד, מהדורה 18 (12/2024)","סעיף 3.2.3, 3.2.8. מהדורה 18 פורסמה להשגות הציבור. לוודא שאושרה",,
צריך היתר?,ex-pergola-roof,"מצללה של 70 מ""ר על מרפסת גג ששטחה הפנוי 120 מ""ר",מאומת,"הנחיות מרחביות לעיר אשדוד, מהדורה 18 (12/2024)",סעיף 3.2.3. מהדורה 18 פורסמה להשגות הציבור. לוודא שאושרה,,
צריך היתר?,ex-fence-side,"גדר בגובה 1.4 מ' בגבול צדדי בין שני בתים, לא בחזית לרחוב, עם חיפוי משני הצדדים",מאומת,"הנחיות מרחביות לעיר אשדוד, מהדורה 18 (12/2024)","סעיף 2.1.1, 2.1.3, 2.1.5. מהדורה 18 פורסמה להשגות הציבור. לוודא שאושרה",,
צריך היתר?,ex-fence-street,"אותה גדר, אבל בחזית הבית הפונה לרחוב",מאומת,"הנחיות מרחביות לעיר אשדוד, מהדורה 18 (12/2024)",סעיף 2.1.3. מהדורה 18 פורסמה להשגות הציבור. לוודא שאושרה,,
צריך היתר?,ex-ac-hidden,מזגן ביתי שמותקן במסתור הכביסה שנקבע בהיתר,מאומת,"הנחיות מרחביות לעיר אשדוד, מהדורה 18 (12/2024)",סעיף 4.7.1–4.7.3. מהדורה 18 פורסמה להשגות הציבור. לוודא שאושרה,,
צריך היתר?,ex-ac-facade,"מעבה מזגן על קיר החזית הראשית, הפונה לרחוב",מאומת,"הנחיות מרחביות לעיר אשדוד, מהדורה 18 (12/2024)",סעיף 4.7.4. מהדורה 18 פורסמה להשגות הציבור. לוודא שאושרה,,
צריך היתר?,ex-shed,"מחסן מתועש של 5 מ""ר וגובה 2 מ', בחצר הצמודה לבית, צמוד לבית ו-1.5 מ' מגבול המגרש",מאומת,"הנחיות מרחביות לעיר אשדוד, מהדורה 18 (12/2024)",סעיף 7.1. מהדורה 18 פורסמה להשגות הציבור. לוודא שאושרה,,
צריך היתר?,ex-shed-common,מחסן בחצר המשותפת של בניין מגורים,מאומת,"הנחיות מרחביות לעיר אשדוד, מהדורה 18 (12/2024)",סעיף 7.1.4. מהדורה 18 פורסמה להשגות הציבור. לוודא שאושרה,,
צריך היתר?,ex-bars,"סורגים בחלונות הדירה, כשבאחד החלונות יש סורג מילוט",מאומת,"הנחיות מרחביות לעיר אשדוד, מהדורה 18 (12/2024)",סעיף 4.5. מהדורה 18 פורסמה להשגות הציבור. לוודא שאושרה,,
צריך היתר?,ex-sign,"שלט של 1 מ""ר לעסק בקומת הקרקע, לפי מדיניות השילוט",מאומת,"הנחיות מרחביות לעיר אשדוד, מהדורה 18 (12/2024)",סעיף 4.2. מהדורה 18 פורסמה להשגות הציבור. לוודא שאושרה,,
צריך היתר?,ex-heritage,פרגולה קטנה בחצר של בניין לשימור,מאומת,"הנחיות מרחביות לעיר אשדוד, מהדורה 18 (12/2024)",סעיף 1.8. מהדורה 18 פורסמה להשגות הציבור. לוודא שאושרה,,
צריך היתר?,ex-coast,מחסן קטן בחצר של בית במרחק 200 מ' מקו החוף,מאומת,"הנחיות מרחביות לעיר אשדוד, מהדורה 18 (12/2024)",סעיף 1.7. מהדורה 18 פורסמה להשגות הציבור. לוודא שאושרה,,
צריך היתר?,ex-mamad,"ממ""ד של 9 מ""ר נטו בבית צמוד קרקע שאין בו ממ""ד",ממתין לאימות,"הנחיות מרחביות לעיר אשדוד, מהדורה 18 (12/2024)",סעיף 8. מהדורה 18 פורסמה להשגות הציבור. לוודא שאושרה. הוראת השעה נקבעה ב-26.10.2023 לשנה. לבדוק אם הוארכה,,
צריך היתר?,ex-ramp,"כבש נגישות בשיפוע 6% לגשר על מדרגה של 60 ס""מ, בתוך המגרש",מאומת,"הנחיות מרחביות לעיר אשדוד, מהדורה 18 (12/2024)",סעיף 11.2. מהדורה 18 פורסמה להשגות הציבור. לוודא שאושרה,,
